INSERT INTO `swd_system`.`role` (`id`,`name`) VALUES (UUID_TO_BIN('2a124aa5-b5dd-11ed-86dc-0a0027000019'),'ADMIN');
INSERT INTO `swd_system`.`role` (`id`,`name`) VALUES (UUID_TO_BIN('3ec14b5b-b5dd-11ed-86dc-0a0027000019'),'USER');

INSERT INTO `swd_system`.`users` (`id`,`age`,`avatar`,`email`,`full_name`,`gender`,`password`,`phone`,`status`,`username`,`role_id`) VALUES (UUID_TO_BIN('647c13b5-b5df-11ed-86dc-0a0027000019'),20,'image.jpg','hieu@gmail.com','Nguyen Trung Hieu',0,'$2a$10$aAOvivh9bdBpwyH5bZufmuZXPrKAUmofsFHvl76snnKxzZNWaVJee','1234509876',1,'hieu',UUID_TO_BIN('3ec14b5b-b5dd-11ed-86dc-0a0027000019'));
INSERT INTO `swd_system`.`users` (`id`,`age`,`avatar`,`email`,`full_name`,`gender`,`password`,`phone`,`status`,`username`,`role_id`) VALUES (UUID_TO_BIN('48c9e1bc-b5dd-11ed-86dc-0a0027000019'),20,'image.jpg','admin@gmail.com','This is admin',0,'$2a$10$uzzMvO13fgZE632L9zGNT.Gnxcb8/oaxf7O2YHNDWllFP3YSDyKG6','1234567890',1,'admin',UUID_TO_BIN('2a124aa5-b5dd-11ed-86dc-0a0027000019'));
INSERT INTO `swd_system`.`users` (`id`,`age`,`avatar`,`email`,`full_name`,`gender`,`password`,`phone`,`status`,`username`,`role_id`) VALUES (UUID_TO_BIN('4e25bdac-b5dd-11ed-86dc-0a0027000019'),20,'image.jpg','vinh@gmail.com','Luu Gia Vinh',0,'$2a$10$myYv1MVNX13oXYOKEzBKWeHFU0fsLVR.9kCG38siaXd.aZ3YC3Xty','0987652413',1,'vinh',UUID_TO_BIN('3ec14b5b-b5dd-11ed-86dc-0a0027000019'));
INSERT INTO `swd_system`.`users` (`id`,`age`,`avatar`,`email`,`full_name`,`gender`,`password`,`phone`,`status`,`username`,`role_id`) VALUES (UUID_TO_BIN('6847d65c-b5e6-11ed-86dc-0a0027000019'),20,'image.jpg','my@gmail.com','Luu Hong Dong My',1,'$2a$10$MwqgchHN3J0C95gqrGQcCO88/WkvBj8lE2gWPxsPysH3m1MH9lzk2','1234609876',1,'mymy',UUID_TO_BIN('3ec14b5b-b5dd-11ed-86dc-0a0027000019'));
INSERT INTO `swd_system`.`users` (`id`,`age`,`avatar`,`email`,`full_name`,`gender`,`password`,`phone`,`status`,`username`,`role_id`) VALUES (UUID_TO_BIN('00e2f602-b5e8-11ed-86dc-0a0027000019'),20,'image.jpg','nguyen@gmail.com','Pham Trung Nguyen',0,'$2a$10$BbXvp0H5O1PcJq1EwfI1k.QST/9rq.rbiSsMHVCDUPfCF5JPuAUX.','2143658709',1,'nguyen',UUID_TO_BIN('3ec14b5b-b5dd-11ed-86dc-0a0027000019'));

INSERT INTO `swd_system`.`wallet` (`id`,`balance`, `status`,`user_id`) VALUES (UUID_TO_BIN(UUID()),'40000000', 1, UUID_TO_BIN('647c13b5-b5df-11ed-86dc-0a0027000019'));
INSERT INTO `swd_system`.`wallet` (`id`,`balance`, `status`,`user_id`) VALUES (UUID_TO_BIN(UUID()),'40000000', 1, UUID_TO_BIN('4e25bdac-b5dd-11ed-86dc-0a0027000019'));
INSERT INTO `swd_system`.`wallet` (`id`,`balance`, `status`,`user_id`) VALUES (UUID_TO_BIN(UUID()),'40000000', 1, UUID_TO_BIN('6847d65c-b5e6-11ed-86dc-0a0027000019'));
INSERT INTO `swd_system`.`wallet` (`id`,`balance`, `status`,`user_id`) VALUES (UUID_TO_BIN(UUID()),'40000000', 1, UUID_TO_BIN('00e2f602-b5e8-11ed-86dc-0a0027000019'));

INSERT INTO `swd_system`.`bundle` (`id`,`available_quantity`, `description`, `max_price`, `min_price`, `name`, `status`, `tier`) VALUES (UUID_TO_BIN('fe5627df-b84b-11ed-86dc-0a0027000019'),'8', 'Your post will appear at the first page of our website', '30000000', '20000000', 'Ultra Vip Bundle', '1', '0');
INSERT INTO `swd_system`.`bundle` (`id`,`available_quantity`, `description`, `max_price`, `min_price`, `name`, `status`, `tier`) VALUES (UUID_TO_BIN('0b4001f0-b84c-11ed-86dc-0a0027000019'),'8', 'Your post will appear at the second page of our website', '15000000', '10000000', 'Vip Bundle', '1', '1');
INSERT INTO `swd_system`.`bundle` (`id`,`available_quantity`, `description`, `max_price`, `min_price`, `name`, `status`, `tier`) VALUES (UUID_TO_BIN('159ff66c-b84c-11ed-86dc-0a0027000019'),'8', 'Your post will appear at the third page of our website', '9000000', '7000000', 'High Bundle', '1', '2');
INSERT INTO `swd_system`.`bundle` (`id`,`available_quantity`, `description`, `max_price`, `min_price`, `name`, `status`, `tier`) VALUES (UUID_TO_BIN('1cc1bebf-b84c-11ed-86dc-0a0027000019'),'8', 'Your post will appear at the fourth page of our website', '6000000', '4000000', 'Standard Bundle', '1', '3');
INSERT INTO `swd_system`.`bundle` (`id`,`available_quantity`, `description`, `max_price`, `min_price`, `name`, `status`, `tier`) VALUES (UUID_TO_BIN('248863d8-b84c-11ed-86dc-0a0027000019'),'50', 'Your post will appear below the fourth page of our website', '3000000', '500000', 'Budget Bundle', '1', '4');


INSERT INTO `swd_system`.`post` (`id`,`area`, `content`, `estate_price`, `status`, `title`, `user_id`) VALUES (UUID_TO_BIN('37e02f62-b84c-11ed-86dc-0a0027000019'),'30', 'Giá tốt khó cưõng tìm chủ nhân mới cho căn nhà.', '2780000000', '1', 'Bán lỗ giá rẻ nhất 85m2 ban công Đông Nam, (nắng sáng), 2PN, 2WC, 2 Điều hoà giá 2,78 tỷ', UUID_TO_BIN('647c13b5-b5df-11ed-86dc-0a0027000019'));
INSERT INTO `swd_system`.`post` (`id`,`area`, `content`, `estate_price`, `status`, `title`, `user_id`) VALUES (UUID_TO_BIN('3f147b99-b84c-11ed-86dc-0a0027000019'),'30', 'Phòng chuyển nhượng chào bán ra các căn diện thanh lý do khách hàng mất khả năng thanh toán tiền nhận nhà: 0932 139 007.', '1700000000', '1', 'THANH LÝ 10 CĂN Q7 RIVERSIDE DO KHÁCH HÀNG MẤT KHẢ NĂNG THANH TOÁN', UUID_TO_BIN('647c13b5-b5df-11ed-86dc-0a0027000019'));
INSERT INTO `swd_system`.`post` (`id`,`area`, `content`, `estate_price`, `status`, `title`, `user_id`) VALUES (UUID_TO_BIN('461fb23e-b84c-11ed-86dc-0a0027000019'),'30', 'Thông tin căn hộ Q7 Saigon Riverside', '1800000000', '1', 'ẬP NHẬT GIÁ Q7 RIVERSIDE 1PN/53M2/1.8TỶ', UUID_TO_BIN('6847d65c-b5e6-11ed-86dc-0a0027000019'));
INSERT INTO `swd_system`.`post` (`id`,`area`, `content`, `estate_price`, `status`, `title`, `user_id`) VALUES (UUID_TO_BIN('4c4fd4ee-b84c-11ed-86dc-0a0027000019'),'30', 'Dự án Q7 Saigon Riverside là dự án khu phức hợp cao cấp do tập đoàn Hưng Thịnh đầu tư xây dựng, nằm ngay đường Đào Trí đượng mệnh danh là cung đường tỷ đô tại khu vực quận 7 sầm uất.', '1750000000', '1', 'GIỎ HÀNG CĂN HỘ VỊ TRÍ ĐẸP NHẤT NÊN MUA TẠI CHUNG CƯ Q7', UUID_TO_BIN('6847d65c-b5e6-11ed-86dc-0a0027000019'));
INSERT INTO `swd_system`.`post` (`id`,`area`, `content`, `estate_price`, `status`, `title`, `user_id`) VALUES (UUID_TO_BIN('51d343a3-b84c-11ed-86dc-0a0027000019'),'30', 'Giỏ hàng cần bán gấp Vinhomes Grand Park, rẻ nhất T3/2023, 1PN 1,6 tỷ.', '1600000000', '1', 'ĐẠI HẠ GIÁ BÁN GẤP NHIỀU CH VINHOMES Q9 1PN', UUID_TO_BIN('4e25bdac-b5dd-11ed-86dc-0a0027000019'));
INSERT INTO `swd_system`.`post` (`id`,`area`, `content`, `estate_price`, `status`, `title`, `user_id`) VALUES (UUID_TO_BIN('58940c73-b84c-11ed-86dc-0a0027000019'),'30', 'Tổng hợp quỹ căn đẹp giá tốt nhất dự án căn hộ Eco Green Saigon Quận 7. Mua trực tiếp giá CĐT, LH tư vấn nhanh: 0899 121 989', '3440000000', '1', 'GIỎ HÀNG CĂN HỘ ECO GREEN CẦN BÁN GIÁ CĐT 2PN', UUID_TO_BIN('4e25bdac-b5dd-11ed-86dc-0a0027000019'));
INSERT INTO `swd_system`.`post` (`id`,`area`, `content`, `estate_price`, `status`, `title`, `user_id`) VALUES (UUID_TO_BIN('5eca8849-b84c-11ed-86dc-0a0027000019'),'15', 'The Sang Residence căn hộ biển được hoàn thiện theo tiêu chuẩn cao cấp 5 sao với hệ vật liệu hoàn thiện cao cấp, áp dụng công nghệ xây dựng kỹ thuật tiên tiến trong quá trình xây dựng cùng chuỗi tiện ích cả bên trong lẫn liền kề 5 sao phục vụ nhu cầu ở, nghỉ dưỡng đến mọi khách hàng.', '1900000000', '1', 'DUY NHẤT CĂN HỘ 2PN 82,5M2 MẶT BIỂN MỸ KHÊ, SỔ ĐỎ LÂU DÀI ', UUID_TO_BIN('00e2f602-b5e8-11ed-86dc-0a0027000019'));
INSERT INTO `swd_system`.`post` (`id`,`area`, `content`, `estate_price`, `status`, `title`, `user_id`) VALUES (UUID_TO_BIN('642446ef-b84c-11ed-86dc-0a0027000019'),'15', 'Bán đất tái định cư khu công nghệ cao Hòa Liên, Hòa Vang, DT 150m², giá 1 tỷ 550. Hướng Tây Bắc. Liên hệ văn phòng giao dịch BĐS Út Hậu điện thoại: 0905 566 794.', '1550000000', '1', 'Bán đất Hoà Liên giá rẻ chỉ 1 tỷ 550 triệu cho 150mm2 đường 5m5', UUID_TO_BIN('00e2f602-b5e8-11ed-86dc-0a0027000019'));
INSERT INTO `swd_system`.`post` (`id`,`area`, `content`, `estate_price`, `status`, `title`, `user_id`) VALUES (UUID_TO_BIN('6a5a8e91-b84c-11ed-86dc-0a0027000019'),'15', 'Cần bán gấp lô FPT Đà Nẵng thuộc khu đô thị FPT Đà Nẵng, vị trí sạch đẹp không cống trụ, Nằm trên trục đường thông, nằm cạnh công viên, cách trung tâm triển phần 200m, cách trường đại học 400m song song với tuyến đường Nam Kỳ khởi Nghĩa thông thắng ra biển, là khu đô thị là nơi có nhiều học sinh, sinh viên, cán bộ theo học và làm việc.', '2800000000', '1', 'Cần cắt lỗ nên bán gấp lô đất khu đô thị FPT Đà Nẵng', UUID_TO_BIN('6847d65c-b5e6-11ed-86dc-0a0027000019'));
INSERT INTO `swd_system`.`post` (`id`,`area`, `content`, `estate_price`, `status`, `title`, `user_id`) VALUES (UUID_TO_BIN('71208437-b84c-11ed-86dc-0a0027000019'),'15', 'Lô đất 100m², đường 7.5 m tại KĐT Hoà Quý.', '2390000000', '1', 'CC cần bán lô đất 100 m2, đường 7.5 m, tại KĐT Hoà Quý', UUID_TO_BIN('6847d65c-b5e6-11ed-86dc-0a0027000019'));

INSERT INTO `swd_system`.`subscription` (`id`,`expired_date`, `price`, `start_date`, `status`, `bundle_id`, `post_id`, `user_id`) VALUES (UUID_TO_BIN(UUID()),'2023-03-30 23:59:59', '22000000', '2023-03-01 23:59:59', '1', UUID_TO_BIN('fe5627df-b84b-11ed-86dc-0a0027000019'), UUID_TO_BIN('37e02f62-b84c-11ed-86dc-0a0027000019'), UUID_TO_BIN('647c13b5-b5df-11ed-86dc-0a0027000019'));
INSERT INTO `swd_system`.`subscription` (`id`,`expired_date`, `price`, `start_date`, `status`, `bundle_id`, `post_id`, `user_id`) VALUES (UUID_TO_BIN(UUID()),'2023-03-30 23:59:59', '28000000', '2023-03-01 23:59:59', '1', UUID_TO_BIN('fe5627df-b84b-11ed-86dc-0a0027000019'), UUID_TO_BIN('3f147b99-b84c-11ed-86dc-0a0027000019'), UUID_TO_BIN('647c13b5-b5df-11ed-86dc-0a0027000019'));
INSERT INTO `swd_system`.`subscription` (`id`,`expired_date`, `price`, `start_date`, `status`, `bundle_id`, `post_id`, `user_id`) VALUES (UUID_TO_BIN(UUID()),'2023-03-30 23:59:59', '15000000', '2023-03-01 23:59:59', '1', UUID_TO_BIN('0b4001f0-b84c-11ed-86dc-0a0027000019'), UUID_TO_BIN('461fb23e-b84c-11ed-86dc-0a0027000019'), UUID_TO_BIN('4e25bdac-b5dd-11ed-86dc-0a0027000019'));
INSERT INTO `swd_system`.`subscription` (`id`,`expired_date`, `price`, `start_date`, `status`, `bundle_id`, `post_id`, `user_id`) VALUES (UUID_TO_BIN(UUID()),'2023-03-30 23:59:59', '13000000', '2023-03-01 23:59:59', '1', UUID_TO_BIN('0b4001f0-b84c-11ed-86dc-0a0027000019'), UUID_TO_BIN('4c4fd4ee-b84c-11ed-86dc-0a0027000019'), UUID_TO_BIN('4e25bdac-b5dd-11ed-86dc-0a0027000019') );
INSERT INTO `swd_system`.`subscription` (`id`,`expired_date`, `price`, `start_date`, `status`, `bundle_id`, `post_id`, `user_id`) VALUES (UUID_TO_BIN(UUID()),'2023-03-30 23:59:59', '8000000', '2023-03-01 23:59:59', '1', UUID_TO_BIN('159ff66c-b84c-11ed-86dc-0a0027000019'), UUID_TO_BIN('5eca8849-b84c-11ed-86dc-0a0027000019'), UUID_TO_BIN('00e2f602-b5e8-11ed-86dc-0a0027000019'));
INSERT INTO `swd_system`.`subscription` (`id`,`expired_date`, `price`, `start_date`, `status`, `bundle_id`, `post_id`, `user_id`) VALUES (UUID_TO_BIN(UUID()),'2023-03-30 23:59:59', '8500000', '2023-03-01 23:59:59', '1', UUID_TO_BIN('159ff66c-b84c-11ed-86dc-0a0027000019'), UUID_TO_BIN('642446ef-b84c-11ed-86dc-0a0027000019'), UUID_TO_BIN('00e2f602-b5e8-11ed-86dc-0a0027000019'));
